datetime,author,config,split,model,policy,calibration,sample_weight,monotone,n_features,added_feature,pr_auc,savings,delta_savings,delta_ci_low,delta_ci_high,delta_pr_auc,savings_vs_baseline,savings_vs_rule_amt,recall_cnt,recall_amt,precision,flagged_per_day,cap_violated,best_iter,fit_sec,note,ceiling,pct_of_ceiling,savings_cap1pct
2026-09-29T17:13:41,team,baseline,valid,lgbm,top_p,none,none,False,10,,0.9251,166067.06,,,,,,89689.3,0.3954,0.4077,0.8213,6.25,False,324.0,3.8,,,,
2026-09-29T17:15:46,A,a,valid,logreg,top_p,none,none,False,10,(старт),0.45998,176945.02,,,,,10877.96,100567.26,0.267,0.4415,0.5547,6.25,False,,1.0,,,,
2026-09-29T17:15:47,A,a,valid,logreg,top_p,none,none,False,11,a_cat_bits,0.4656,178239.89,1294.87,-1738.47,4553.66,0.00562,12172.83,101862.13,0.267,0.4446,0.5547,6.25,False,,1.0,,,,
2026-09-29T17:15:49,A,a,valid,logreg,top_p,none,none,False,12,a_time_bits,0.48592,183542.4,5302.51,832.09,9700.25,0.02032,17475.34,107164.64,0.2734,0.4572,0.568,6.25,False,,1.0,,,,
2026-09-29T17:15:50,A,a,valid,logreg,top_p,none,none,False,13,a_amt_z,0.48079,184052.66,510.26,0.0,1530.78,-0.00513,17985.6,107674.9,0.2734,0.4584,0.568,6.25,False,,1.2,,,,
2026-09-29T17:15:52,A,a,valid,logreg,top_p,none,none,False,14,a_amt_up,0.70876,140897.81,-43154.85,-61413.86,-25237.22,0.22797,-25169.25,64520.05,0.3453,0.3492,0.7173,6.25,False,,1.3,,,,
2026-09-29T17:15:53,A,a,valid,logreg,top_p,none,none,False,15,a_amt_down,0.70772,140897.81,0.0,0.0,0.0,-0.00104,-25169.25,64520.05,0.3453,0.3492,0.7173,6.25,False,,1.3,,,,
2026-09-29T17:15:55,A,a,valid,logreg,top_p,none,none,False,16,a_surprise_total,0.70789,140897.81,0.0,0.0,0.0,0.00016,-25169.25,64520.05,0.3453,0.3492,0.7173,6.25,False,,1.3,,,,
2026-09-29T17:15:56,A,a,valid,logreg,top_p,none,none,False,17,a_cat_x_amt,0.72352,138188.67,-2709.14,-7841.97,2994.06,0.01563,-27878.39,61810.91,0.3466,0.3425,0.72,6.25,False,,1.6,,,,
2026-09-29T17:15:58,A,a,valid,logreg,top_p,none,none,False,18,a_time_x_amt,0.75424,142592.99,4404.32,-2614.34,11480.39,0.03072,-23474.07,66215.23,0.3594,0.3525,0.7467,6.25,False,,1.6,,,,
2026-09-29T17:16:00,A,a,valid,logreg,top_p,none,none,False,19,a_profile_log_n,0.78503,148150.1,5557.11,-675.99,12542.31,0.03079,-17916.96,71772.34,0.3697,0.3655,0.768,6.25,False,,1.5,,,,
2026-09-29T17:16:02,A,a,valid,logreg,top_p,none,none,False,20,a_drift,0.85125,164268.62,16118.52,8693.52,24012.47,0.06622,-1798.44,87890.86,0.3877,0.4037,0.8053,6.25,False,,1.5,,,,
2026-09-29T17:16:04,A,a,valid,logreg,top_p,none,none,False,21,a_new_merchant,0.85153,163891.05,-377.57,-2032.87,940.31,0.00029,-2176.01,87513.29,0.3877,0.4028,0.8053,6.25,False,,1.7,,,,
2026-09-29T17:16:06,A,a,valid,logreg,top_p,none,none,False,22,a_geo_km,0.85159,163891.05,0.0,0.0,0.0,6e-05,-2176.01,87513.29,0.3877,0.4028,0.8053,6.25,False,,1.7,,,,
2026-09-29T17:16:44,team,baseline_ev,valid,lgbm,ev_cap,isotonic,none,False,10,,0.90877,235437.59,,,,,69370.53,159059.83,0.3736,0.5774,0.7929,6.12,False,324.0,3.5,база под политикой ev_cap,,,
2026-09-29T17:16:47,team,baseline_ev_logreg,valid,logreg,ev_cap,isotonic,none,False,10,,0.44608,173562.33,,,,,7495.27,97184.57,0.2478,0.4343,0.5147,6.25,False,,0.9,,,,
2026-09-29T17:17:04,team,baseline_ev,valid,lgbm,ev_cap,isotonic,none,False,10,,0.90877,235437.59,,,,,,159059.83,0.3736,0.5774,0.7929,6.12,False,324.0,3.5,повтор для записи линейки,,,
2026-09-29T17:17:06,A,a,valid,logreg,ev_cap,isotonic,none,False,10,(старт),0.44608,173562.33,,,,,-61875.26,97184.57,0.2478,0.4343,0.5147,6.25,False,,1.0,,,,
2026-09-29T17:17:08,A,a,valid,logreg,ev_cap,isotonic,none,False,11,a_cat_bits,0.44307,174940.24,1377.91,-799.29,4170.56,-0.003,-60497.35,98562.48,0.2478,0.4377,0.5147,6.25,False,,1.0,,,,
2026-09-29T17:17:09,A,a,valid,logreg,ev_cap,isotonic,none,False,12,a_time_bits,0.44778,180745.06,5804.82,2655.1,9016.59,0.00471,-54692.53,104367.3,0.2593,0.4512,0.5387,6.25,False,,1.0,,,,
2026-09-29T17:17:10,A,a,valid,logreg,ev_cap,isotonic,none,False,13,a_amt_z,0.44657,180623.83,-121.23,-1609.67,1500.86,-0.00121,-54813.76,104246.07,0.258,0.4509,0.536,6.25,False,,1.3,,,,
2026-09-29T17:17:12,A,a,valid,logreg,ev_cap,isotonic,none,False,14,a_amt_up,0.67157,186988.62,6364.79,-4053.9,16362.77,0.225,-48448.97,110610.86,0.2901,0.4646,0.6027,6.25,False,,1.4,,,,
2026-09-29T17:17:13,A,a,valid,logreg,ev_cap,isotonic,none,False,15,a_amt_down,0.67162,183787.23,-3201.39,-6887.73,452.89,5e-05,-51650.36,107409.47,0.2863,0.457,0.5947,6.25,False,,1.3,,,,
2026-09-29T17:17:15,A,a,valid,logreg,ev_cap,isotonic,none,False,16,a_surprise_total,0.66861,184428.2,640.97,-2598.65,3651.08,-0.00301,-51009.39,108050.44,0.2863,0.4586,0.5947,6.25,False,,1.3,,,,
2026-09-29T17:17:17,A,a,valid,logreg,ev_cap,isotonic,none,False,17,a_cat_x_amt,0.69277,186000.81,1572.61,-3863.11,7606.39,0.02416,-49436.78,109623.05,0.2901,0.4622,0.6027,6.25,False,,1.6,,,,
2026-09-29T17:17:19,A,a,valid,logreg,ev_cap,isotonic,none,False,18,a_time_x_amt,0.72521,204737.91,18737.1,11500.25,25817.53,0.03245,-30699.68,128360.15,0.3145,0.5065,0.6533,6.25,False,,1.7,,,,
2026-09-29T17:17:20,A,a,valid,logreg,ev_cap,isotonic,none,False,19,a_profile_log_n,0.75999,205994.88,1256.97,-4930.89,7531.67,0.03477,-29442.71,129617.12,0.3209,0.5091,0.6684,6.23,False,,1.6,,,,
2026-09-29T17:17:22,A,a,valid,logreg,ev_cap,isotonic,none,False,20,a_drift,0.8303,223194.47,17199.59,11328.04,23347.72,0.07031,-12243.12,146816.71,0.3492,0.5494,0.7273,6.23,False,,1.5,,,,
2026-09-29T17:17:24,A,a,valid,logreg,ev_cap,isotonic,none,False,21,a_new_merchant,0.82975,224071.76,877.29,-1782.68,3761.4,-0.00055,-11365.83,147694.0,0.3479,0.5517,0.7227,6.25,False,,1.7,,,,
2026-09-29T17:17:26,A,a,valid,logreg,ev_cap,isotonic,none,False,22,a_geo_km,0.82939,223433.93,-637.83,-1996.12,382.82,-0.00036,-12003.66,147056.17,0.3466,0.5501,0.7219,6.23,False,,1.7,,,,
2026-09-29T17:17:39,A,a_lgbm,valid,lgbm,ev_cap,isotonic,none,False,10,(старт),0.90877,235437.59,,,,,0.0,159059.83,0.3736,0.5774,0.7929,6.12,False,324.0,3.5,,,,
2026-09-29T17:17:43,A,a_lgbm,valid,lgbm,ev_cap,isotonic,none,False,11,a_cat_bits,0.89388,233648.5,-1789.09,-5681.61,2060.44,-0.01489,-1789.09,157270.74,0.3684,0.5732,0.7863,6.08,False,255.0,3.0,,,,
2026-09-29T17:17:47,A,a_lgbm,valid,lgbm,ev_cap,isotonic,none,False,12,a_time_bits,0.90622,238157.33,4508.83,2041.61,7388.64,0.01234,2719.74,161779.57,0.3761,0.5832,0.8184,5.97,False,330.0,3.7,,,,
2026-09-29T17:17:51,A,a_lgbm,valid,lgbm,ev_cap,isotonic,none,False,13,a_amt_z,0.90805,237916.79,-240.54,-2914.15,2206.4,0.00183,2479.2,161539.03,0.38,0.5826,0.8199,6.02,False,381.0,4.2,,,,
2026-09-29T17:17:54,A,a_lgbm,valid,lgbm,ev_cap,isotonic,none,False,14,a_amt_up,0.91476,240791.5,2874.71,-866.56,7252.99,0.00671,5353.91,164413.74,0.3813,0.5896,0.8227,6.02,False,222.0,2.9,,,,
2026-09-29T17:17:59,A,a_lgbm,valid,lgbm,ev_cap,isotonic,none,False,15,a_amt_down,0.90958,238601.0,-2190.5,-5199.21,330.45,-0.00518,3163.41,162223.24,0.3813,0.5844,0.8182,6.05,False,399.0,4.6,,,,
2026-09-29T17:18:04,A,a_lgbm,valid,lgbm,ev_cap,isotonic,none,False,16,a_surprise_total,0.90504,237975.97,-625.03,-3668.37,2091.55,-0.00454,2538.38,161598.21,0.38,0.583,0.8132,6.07,False,381.0,4.5,,,,
2026-09-29T17:18:09,A,a_lgbm,valid,lgbm,ev_cap,isotonic,none,False,17,a_cat_x_amt,0.91325,239470.68,1494.71,-1793.01,5049.99,0.00821,4033.09,163092.92,0.3825,0.5865,0.8187,6.07,False,382.0,4.6,,,,
2026-09-29T17:18:15,A,a_lgbm,valid,lgbm,ev_cap,isotonic,none,False,18,a_time_x_amt,0.90763,237057.09,-2413.59,-6169.83,1000.15,-0.00563,1619.5,160679.33,0.3761,0.5808,0.8094,6.03,False,425.0,5.2,,,,
2026-09-29T17:18:18,A,a_lgbm,valid,lgbm,ev_cap,isotonic,none,False,19,a_profile_log_n,0.90131,237723.37,666.28,-3770.73,4953.97,-0.00631,2285.78,161345.61,0.3774,0.5826,0.8055,6.08,False,219.0,3.5,,,,
2026-09-29T17:18:23,A,a_lgbm,valid,lgbm,ev_cap,isotonic,none,False,20,a_drift,0.95659,248261.5,10538.13,7029.95,14665.77,0.05528,12823.91,171883.74,0.3928,0.6067,0.862,5.92,False,347.0,4.8,,,,
2026-09-29T17:18:29,A,a_lgbm,valid,lgbm,ev_cap,isotonic,none,False,21,a_new_merchant,0.96027,246626.3,-1635.2,-3425.98,-256.36,0.00368,11188.71,170248.54,0.3902,0.6024,0.8711,5.82,False,304.0,4.9,,,,
2026-09-29T17:18:34,A,a_lgbm,valid,lgbm,ev_cap,isotonic,none,False,22,a_geo_km,0.95854,246034.78,-591.52,-3141.11,1839.84,-0.00172,10597.19,169657.02,0.3902,0.6014,0.8563,5.92,False,324.0,5.3,,,,
2026-09-29T17:20:02,B,b,valid,lgbm,ev_cap,isotonic,none,True,10,(старт),0.90877,235437.59,,,,,0.0,159059.83,0.3736,0.5774,0.7929,6.12,False,324.0,3.8,,,,
2026-09-29T17:20:06,B,b,valid,lgbm,ev_cap,isotonic,none,True,11,b_gap_log_h,0.92036,239700.4,4262.81,22.13,8332.81,0.01159,4262.81,163322.64,0.3748,0.5877,0.7956,6.12,False,343.0,4.1,,,,
2026-09-29T17:20:11,B,b,valid,lgbm,ev_cap,isotonic,none,True,12,b_is_first,0.92329,238255.79,-1444.61,-4859.11,1809.61,0.00293,2818.2,161878.03,0.3697,0.5842,0.7912,6.07,False,376.0,4.5,,,,
2026-09-29T17:20:17,B,b,valid,lgbm,ev_cap,isotonic,none,True,13,b_int_1h,0.92153,240263.55,2007.76,-154.64,4667.93,-0.00176,4825.96,163885.79,0.3748,0.5888,0.8022,6.07,False,440.0,5.2,,,,
2026-09-29T17:20:22,B,b,valid,lgbm,ev_cap,isotonic,none,True,14,b_int_24h,0.9224,238935.12,-1328.43,-4944.57,2116.82,0.00087,3497.53,162557.36,0.3723,0.5856,0.8011,6.03,False,381.0,4.8,,,,
2026-09-29T17:20:28,B,b,valid,lgbm,ev_cap,isotonic,none,True,15,b_amt_int_24h,0.97026,249850.36,10915.24,6766.97,15500.68,0.04786,14412.77,173472.6,0.3954,0.6102,0.875,5.87,False,488.0,6.0,,,,
2026-09-29T17:20:34,B,b,valid,lgbm,ev_cap,isotonic,none,True,16,b_act_ratio,0.97079,250716.25,865.89,-581.79,2565.3,0.00053,15278.66,174338.49,0.3928,0.6129,0.8547,5.97,False,443.0,5.7,,,,
2026-09-29T17:20:41,B,b,valid,lgbm,ev_cap,isotonic,none,True,17,b_sess_pos,0.97301,249626.75,-1089.5,-3226.98,788.8,0.00222,14189.16,173248.99,0.3928,0.6097,0.8743,5.83,False,474.0,6.1,,,,
2026-09-29T17:20:47,B,b,valid,lgbm,ev_cap,isotonic,none,True,18,b_sess_cum_amt,0.97025,248560.99,-1065.76,-3347.82,940.72,-0.00276,13123.4,172183.23,0.389,0.607,0.8783,5.75,False,409.0,5.7,,,,
2026-09-29T17:20:54,B,b,valid,lgbm,ev_cap,isotonic,none,True,19,b_sess_escalation,0.97178,250947.96,2386.97,456.85,4658.71,0.00154,15510.37,174570.2,0.3941,0.6123,0.895,5.72,False,500.0,6.8,,,,
2026-09-29T17:21:02,B,b,valid,lgbm,ev_cap,isotonic,none,True,20,b_sess_night_share,0.97758,250661.79,-286.17,-2316.52,1744.45,0.0058,15224.2,174284.03,0.3941,0.6118,0.8899,5.75,False,516.0,7.4,,,,
2026-09-29T17:21:10,B,b,valid,lgbm,ev_cap,isotonic,none,True,21,b_sess_cat_n,0.97556,248638.32,-2023.47,-3923.19,-194.32,-0.00202,13200.73,172260.56,0.3902,0.6073,0.8711,5.82,False,514.0,7.4,,,,
2026-09-29T17:21:16,B,b,valid,lgbm,ev_cap,isotonic,none,True,22,b_amt_rank10,0.97291,248585.32,-53.0,-1502.89,1403.52,-0.00266,13147.73,172207.56,0.3928,0.6073,0.8669,5.88,False,426.0,6.3,,,,
2026-09-29T17:21:24,B,b,valid,lgbm,ev_cap,isotonic,none,True,23,b_online_streak,0.98021,250791.02,2205.7,-412.16,4881.74,0.0073,15353.43,174413.26,0.3967,0.6122,0.8854,5.82,False,473.0,7.1,,,,
2026-09-29T17:21:33,B,b,valid,lgbm,ev_cap,isotonic,none,True,24,b_cnt_24h_window,0.97861,249068.89,-1722.13,-4631.21,922.25,-0.00159,13631.3,172691.13,0.3941,0.6078,0.895,5.72,False,530.0,8.4,,,,
2026-09-29T17:22:09,B,b_nomono,valid,lgbm,ev_cap,isotonic,none,False,24,,0.98112,250596.08,,,,,15158.49,174218.32,0.3979,0.6111,0.9091,5.68,False,552.0,7.8,B без ограничений монотонности,,,
2026-09-29T17:22:19,B,b,valid,lgbm,ev_cap,isotonic,none,True,24,,0.97861,249068.89,,,,,13631.3,172691.13,0.3941,0.6078,0.895,5.72,False,530.0,8.2,"B с ограничениями, все признаки",,,
2026-09-29T17:22:37,B,b_gap1h,valid,lgbm,ev_cap,isotonic,none,True,24,G=1ч,0.97854,248694.98,,,,,13257.39,172317.22,0.3979,0.6072,0.8832,5.85,False,551.0,8.0,чувствительность к порогу сессии,,,
2026-09-29T17:22:53,B,b_gap6h,valid,lgbm,ev_cap,isotonic,none,True,24,G=6ч,0.9803,250663.51,,,,,15225.92,174285.75,0.3979,0.6117,0.8934,5.78,False,488.0,8.0,чувствительность к порогу сессии,,,
2026-09-29T17:23:10,B,b_gap3h,valid,lgbm,ev_cap,isotonic,none,True,24,G=3ч,0.97861,249068.89,,,,,13631.3,172691.13,0.3941,0.6078,0.895,5.72,False,530.0,8.1,чувствительность к порогу сессии,,,
2026-09-29T17:24:53,C,c,valid,lgbm,ev_cap,isotonic,cost,False,10,(старт),0.90118,238595.04,,,,,3157.45,162217.28,0.3671,0.5855,0.7772,6.13,False,639,6.0,,255485.31,0.9339,371408.84
2026-09-29T17:24:59,C,c,valid,lgbm,ev_cap,isotonic,cost,False,11,c_risk_cat_hour,0.89868,236019.98,-2575.06,-5410.34,88.04,-0.0025,582.39,159642.22,0.3646,0.5794,0.7696,6.15,False,634,6.0,,255485.31,0.9238,374769.3
2026-09-29T17:25:03,C,c,valid,lgbm,ev_cap,isotonic,cost,False,12,c_risk_cat_amtbin,0.88773,234276.34,-1743.64,-5758.96,1965.05,-0.01095,-1161.25,157898.58,0.3543,0.5758,0.7459,6.17,False,257,2.8,,255485.31,0.917,372765.96
2026-09-29T17:25:05,C,c,valid,lgbm,ev_cap,isotonic,cost,False,13,c_risk_age_cat,0.88353,236672.05,2395.71,-519.85,5616.37,-0.00419,1234.46,160294.29,0.3569,0.5817,0.7473,6.2,False,195,2.4,,255485.31,0.9264,372754.87
2026-09-29T17:25:08,C,c,valid,lgbm,ev_cap,isotonic,cost,False,14,c_risk_merchant,0.88361,236611.13,-60.92,-2730.88,2531.07,8e-05,1173.54,160233.37,0.3569,0.5813,0.7534,6.15,False,224,2.7,,255485.31,0.9261,374153.77
2026-09-29T17:25:12,C,c,valid,lgbm,ev_cap,isotonic,cost,False,15,c_amt_pct_cat,0.89713,239248.53,2637.4,-388.09,5837.65,0.01352,3810.94,162870.77,0.362,0.5874,0.7663,6.13,False,301,3.6,,255485.31,0.9364,374287.24
2026-09-29T17:26:00,C,c_logreg_base,valid,logreg,ev_cap,isotonic,none,False,10,,0.44608,173562.33,,,,,-61875.26,97184.57,0.2478,0.4343,0.5147,6.25,False,,1.0,LogReg без признаков среды,255485.31,0.6793,300077.88
2026-09-29T17:26:01,C,c_logreg,valid,logreg,ev_cap,isotonic,none,False,15,,0.53588,182809.74,,,,,-52627.85,106431.98,0.2811,0.455,0.584,6.25,False,,1.2,LogReg + признаки среды C,255485.31,0.7155,304941.39
2026-09-29T17:26:11,C,c_delay1,valid,lgbm,ev_cap,isotonic,cost,False,15,D=1,0.90092,238901.38,,,,,3463.79,162523.62,0.3607,0.5868,0.7574,6.18,False,247,3.2,задержка меток,255485.31,0.9351,373879.9
2026-09-29T17:26:20,C,c_delay30,valid,lgbm,ev_cap,isotonic,cost,False,15,D=30,0.89713,239248.53,,,,,3810.94,162870.77,0.362,0.5874,0.7663,6.13,False,301,3.7,задержка меток,255485.31,0.9364,374287.24
2026-09-29T17:26:32,C,c_iforest,valid,iforest,ev_cap,isotonic,none,False,11,,0.25058,167082.07,,,,,-68355.52,90704.31,0.2311,0.4195,0.48,6.25,False,,8.5,без меток: необычное ≠ мошенническое,255485.31,0.654,275447.48
2026-09-29T17:26:43,C,c_iforest_topp,valid,iforest,top_p,none,none,False,11,,0.28306,156977.3,,,,,-78460.29,80599.54,0.2208,0.3955,0.4587,6.25,False,,8.8,"без меток, ранжирование по аномальности",255485.31,0.6144,256804.15
2026-09-29T17:26:46,C,c_money_1_topp,valid,lgbm,top_p,none,none,False,10,,0.9251,166067.06,,,,,-69370.53,89689.3,0.3954,0.4077,0.8213,6.25,False,324,3.4,учить деньгам или считать деньгами,255485.31,0.65,334421.59
2026-09-29T17:26:50,C,c_money_2_ev,valid,lgbm,ev_cap,isotonic,none,False,10,,0.90877,235437.59,,,,,0.0,159059.83,0.3736,0.5774,0.7929,6.12,False,324,3.5,учить деньгам или считать деньгами,255485.31,0.9215,371456.3
2026-09-29T17:26:57,C,c_money_3_costw_ev,valid,lgbm,ev_cap,isotonic,cost,False,10,,0.90118,238595.04,,,,,3157.45,162217.28,0.3671,0.5855,0.7772,6.13,False,639,6.2,учить деньгам или считать деньгами,255485.31,0.9339,371408.84
2026-09-29T17:27:03,C,c_money_4_costw_topp,valid,lgbm,top_p,none,cost,False,10,,0.91765,207176.49,,,,,-28261.1,130798.73,0.3954,0.5078,0.8213,6.25,False,639,6.0,учить деньгам или считать деньгами,255485.31,0.8109,347469.86
2026-09-29T17:27:07,C,c_money_5_ev_thr,valid,lgbm,ev_thr,isotonic,none,False,10,,0.90877,212753.03,,,,,-22684.56,136375.27,0.2875,0.5182,0.9412,3.97,False,324,3.6,учить деньгам или считать деньгами,255485.31,0.8327,289500.1
2026-09-29T17:28:21,team,T|сырые поля|LightGBM,valid,lgbm,top_p,none,none,False,10,,0.9251,166067.06,,,,,-69370.53,89689.3,0.3954,0.4077,0.8213,6.25,False,324,3.6,турнир,255485.31,0.65,334421.59
2026-09-29T17:28:22,team,T|сырые поля|LogReg,valid,logreg,ev_cap,isotonic,none,False,10,,0.44608,173562.33,,,,,-61875.26,97184.57,0.2478,0.4343,0.5147,6.25,False,,1.0,турнир,255485.31,0.6793,300077.88
2026-09-29T17:28:26,team,T|сырые поля|LightGBM,valid,lgbm,ev_cap,isotonic,none,False,10,,0.90877,235437.59,,,,,0.0,159059.83,0.3736,0.5774,0.7929,6.12,False,324,3.4,турнир,255485.31,0.9215,371456.3
2026-09-29T17:28:30,team,T|сырые поля|LightGBM монотонный,valid,lgbm,ev_cap,isotonic,none,True,10,,0.90877,235437.59,,,,,0.0,159059.83,0.3736,0.5774,0.7929,6.12,False,324,3.5,турнир,255485.31,0.9215,371456.3
2026-09-29T17:28:36,team,"T|сырые поля|LightGBM, учит деньгам",valid,lgbm,ev_cap,isotonic,cost,False,10,,0.90118,238595.04,,,,,3157.45,162217.28,0.3671,0.5855,0.7772,6.13,False,639,6.1,турнир,255485.31,0.9339,371408.84
2026-09-29T17:28:38,team,T|+ A (профиль)|LogReg,valid,logreg,ev_cap,isotonic,none,False,19,,0.83085,224147.89,,,,,-11289.7,147770.13,0.3479,0.5518,0.7246,6.23,False,,1.6,турнир,255485.31,0.8773,358274.97
2026-09-29T17:28:43,team,T|+ A (профиль)|LightGBM,valid,lgbm,ev_cap,isotonic,none,False,19,,0.95155,245302.05,,,,,9864.46,168924.29,0.3864,0.6,0.8431,5.95,False,330,4.6,турнир,255485.31,0.9601,381775.31
2026-09-29T17:28:48,team,T|+ A (профиль)|LightGBM монотонный,valid,lgbm,ev_cap,isotonic,none,True,19,,0.95155,245302.05,,,,,9864.46,168924.29,0.3864,0.6,0.8431,5.95,False,330,4.7,турнир,255485.31,0.9601,381775.31
2026-09-29T17:28:55,team,"T|+ A (профиль)|LightGBM, учит деньгам",valid,lgbm,ev_cap,isotonic,cost,False,19,,0.95915,247544.78,,,,,12107.19,171167.02,0.3851,0.6057,0.8357,5.98,False,496,6.2,турнир,255485.31,0.9689,384360.31
2026-09-29T17:28:57,team,T|+ B (ритм)|LogReg,valid,logreg,ev_cap,isotonic,none,False,22,,0.65768,202675.83,,,,,-32761.76,126298.07,0.3068,0.5019,0.6373,6.25,False,,1.9,турнир,255485.31,0.7933,332759.08
2026-09-29T17:29:05,team,T|+ B (ритм)|LightGBM,valid,lgbm,ev_cap,isotonic,none,False,22,,0.9804,249626.56,,,,,14188.97,173248.8,0.3967,0.6091,0.8957,5.75,False,518,7.0,турнир,255485.31,0.9771,387243.23
2026-09-29T17:29:12,team,T|+ B (ритм)|LightGBM монотонный,valid,lgbm,ev_cap,isotonic,none,True,22,,0.97714,251416.78,,,,,15979.19,175039.02,0.3967,0.6134,0.8983,5.73,False,459,6.6,турнир,255485.31,0.9841,387160.35
2026-09-29T17:29:22,team,"T|+ B (ритм)|LightGBM, учит деньгам",valid,lgbm,ev_cap,isotonic,cost,False,22,,0.9844,251964.04,,,,,16526.45,175586.28,0.3954,0.615,0.8876,5.78,False,731,9.3,турнир,255485.31,0.9862,388169.77
2026-09-29T17:29:23,team,T|+ C (среда)|LogReg,valid,logreg,ev_cap,isotonic,none,False,15,,0.53588,182809.74,,,,,-52627.85,106431.98,0.2811,0.455,0.584,6.25,False,,1.2,турнир,255485.31,0.7155,304941.39
2026-09-29T17:29:26,team,T|+ C (среда)|LightGBM,valid,lgbm,ev_cap,isotonic,none,False,15,,0.89874,234439.24,,,,,-998.35,158061.48,0.3607,0.5755,0.7699,6.08,False,114,1.9,турнир,255485.31,0.9176,369771.81
2026-09-29T17:29:28,team,T|+ C (среда)|LightGBM монотонный,valid,lgbm,ev_cap,isotonic,none,True,15,,0.89874,234439.24,,,,,-998.35,158061.48,0.3607,0.5755,0.7699,6.08,False,114,1.9,турнир,255485.31,0.9176,369771.81
2026-09-29T17:29:32,team,"T|+ C (среда)|LightGBM, учит деньгам",valid,lgbm,ev_cap,isotonic,cost,False,15,,0.89713,239248.53,,,,,3810.94,162870.77,0.362,0.5874,0.7663,6.13,False,301,3.6,турнир,255485.31,0.9364,374287.24
2026-09-29T17:29:35,team,T|+ A + B|LogReg,valid,logreg,ev_cap,isotonic,none,False,31,,0.87264,227080.38,,,,,-8357.21,150702.62,0.3543,0.5584,0.7439,6.18,False,,2.5,турнир,255485.31,0.8888,364663.41
2026-09-29T17:29:44,team,T|+ A + B|LightGBM,valid,lgbm,ev_cap,isotonic,none,False,31,,0.98514,249030.15,,,,,13592.56,172652.39,0.3967,0.6073,0.9088,5.67,False,477,9.0,турнир,255485.31,0.9747,387920.33
2026-09-29T17:29:52,team,T|+ A + B|LightGBM монотонный,valid,lgbm,ev_cap,isotonic,none,True,31,,0.98273,250240.09,,,,,14802.5,173862.33,0.4005,0.6103,0.9096,5.72,False,326,7.2,турнир,255485.31,0.9795,389559.52
2026-09-29T17:30:04,team,"T|+ A + B|LightGBM, учит деньгам",valid,lgbm,ev_cap,isotonic,cost,False,31,,0.98413,252347.25,,,,,16909.66,175969.49,0.3992,0.6152,0.9174,5.65,False,635,11.6,турнир,255485.31,0.9877,390051.69
2026-09-29T17:30:07,team,T|+ A + B + C|LogReg,valid,logreg,ev_cap,isotonic,none,False,36,,0.92472,232118.36,,,,,-3319.23,155740.6,0.3697,0.5695,0.7847,6.12,False,,2.9,турнир,255485.31,0.9085,368008.5
2026-09-29T17:30:11,team,T|+ A + B + C|LightGBM,valid,lgbm,ev_cap,isotonic,none,False,36,,0.97381,248988.66,,,,,13551.07,172610.9,0.3902,0.6082,0.8711,5.82,False,133,3.8,турнир,255485.31,0.9746,382962.2
2026-09-29T17:30:16,team,T|+ A + B + C|LightGBM монотонный,valid,lgbm,ev_cap,isotonic,none,True,36,,0.97211,250828.19,,,,,15390.6,174450.43,0.3967,0.6119,0.9009,5.72,False,152,4.2,турнир,255485.31,0.9818,384032.5
2026-09-29T17:30:22,team,"T|+ A + B + C|LightGBM, учит деньгам",valid,lgbm,ev_cap,isotonic,cost,False,36,,0.97947,250437.92,,,,,15000.33,174060.16,0.3928,0.6119,0.8644,5.9,False,262,5.6,турнир,255485.31,0.9802,387229.74
2026-09-29T17:30:25,team,T|+ A + B + C5|LogReg,valid,logreg,ev_cap,isotonic,none,False,32,,0.87295,226124.76,,,,,-9312.83,149747.0,0.3569,0.5559,0.7493,6.18,False,,2.7,турнир,255485.31,0.8851,365148.76
2026-09-29T17:30:36,team,T|+ A + B + C5|LightGBM,valid,lgbm,ev_cap,isotonic,none,False,32,,0.9833,250729.67,,,,,15292.08,174351.91,0.3992,0.6118,0.8963,5.78,False,528,10.0,турнир,255485.31,0.9814,388487.63
2026-09-29T17:30:44,team,T|+ A + B + C5|LightGBM монотонный,valid,lgbm,ev_cap,isotonic,none,True,32,,0.98486,250517.29,,,,,15079.7,174139.53,0.3992,0.6109,0.9094,5.7,False,403,8.2,турнир,255485.31,0.9806,387694.24
2026-09-29T17:30:55,team,"T|+ A + B + C5|LightGBM, учит деньгам",valid,lgbm,ev_cap,isotonic,cost,False,32,,0.98465,252522.12,,,,,17084.53,176144.36,0.4005,0.6155,0.9204,5.65,False,560,10.4,турнир,255485.31,0.9884,388994.9
2026-09-29T17:30:57,team,T|+ A (профиль)|LogReg,valid,logreg,ev_cap,isotonic,none,False,19,,0.83085,224147.89,,,,,-11289.7,147770.13,0.3479,0.5518,0.7246,6.23,False,,1.6,турнир,255485.31,0.8773,358274.97
2026-09-29T17:31:04,team,T|+ B (ритм)|LightGBM монотонный,valid,lgbm,ev_cap,isotonic,none,True,22,,0.97714,251416.78,,,,,15979.19,175039.02,0.3967,0.6134,0.8983,5.73,False,459,6.6,турнир,255485.31,0.9841,387160.35
2026-09-29T17:31:08,team,"T|+ C (среда)|LightGBM, учит деньгам",valid,lgbm,ev_cap,isotonic,cost,False,15,,0.89713,239248.53,,,,,3810.94,162870.77,0.362,0.5874,0.7663,6.13,False,301,3.6,турнир,255485.31,0.9364,374287.24
2026-09-29T17:31:59,team,S|база,valid,lgbm,ev_cap,isotonic,none,False,10,,0.90877,235437.59,,,,,0.0,159059.83,0.3736,0.5774,0.7929,6.12,False,324,3.5,сценарии,255485.31,0.9215,371456.3
2026-09-29T17:32:04,team,S|A: профиль (LightGBM),valid,lgbm,ev_cap,isotonic,none,False,19,,0.95155,245302.05,,,,,9864.46,168924.29,0.3864,0.6,0.8431,5.95,False,330,4.5,сценарии,255485.31,0.9601,381775.31
2026-09-29T17:32:11,team,S|B: ритм (LightGBM монотонный),valid,lgbm,ev_cap,isotonic,none,True,22,,0.97714,251416.78,,,,,15979.19,175039.02,0.3967,0.6134,0.8983,5.73,False,459,6.5,сценарии,255485.31,0.9841,387160.35
2026-09-29T17:32:21,team,"S|финал: A+B+C5, учит деньгам",valid,lgbm,ev_cap,isotonic,cost,False,32,,0.98465,252522.12,,,,,17084.53,176144.36,0.4005,0.6155,0.9204,5.65,False,560,10.4,сценарии,255485.31,0.9884,388994.9
2026-09-29T17:32:32,team,S|финал + монотонность,valid,lgbm,ev_cap,isotonic,cost,True,32,,0.98526,253057.36,,,,,17619.77,176679.6,0.3992,0.6173,0.9014,5.75,False,538,10.3,сценарии,255485.31,0.9905,389481.38
2026-09-29T17:33:07,team,final,valid,lgbm,ev_cap,isotonic,cost,False,32,,0.98465,252522.12,,,,,17084.53,176144.36,0.4005,0.6155,0.9204,5.65,False,560,10.3,финал на valid (проверка конфига),255485.31,0.9884,388994.9
2026-09-29T17:33:20,team,final,holdout,lgbm,ev_cap,isotonic,cost,False,32,,0.98539,323389.03,,,,,,247031.52,0.3966,0.6362,0.9261,6.66,False,560,10.2,ФИНАЛ: единственный запуск на холдауте,327812.11,0.9865,499732.73
2026-09-29T17:34:00,team,H|base_topp,holdout,lgbm,top_p,none,none,False,10,,0.93137,220219.44,,,,,,143861.93,0.3998,0.4342,0.8876,7.0,False,324,3.5,холдаут: отчёт после выбора финала,327812.11,0.6718,457845.6
2026-09-29T17:34:05,team,H|base_ev,holdout,lgbm,ev_cap,isotonic,none,False,10,,0.91561,304082.72,,,,,,227725.21,0.3745,0.6006,0.8314,7.0,False,324,3.6,холдаут: отчёт после выбора финала,327812.11,0.9276,483682.28
2026-09-29T17:34:06,team,H|A,holdout,logreg,ev_cap,isotonic,none,False,19,,0.85123,288054.41,,,,,,211696.9,0.3565,0.57,0.7934,6.98,False,,1.6,холдаут: отчёт после выбора финала,327812.11,0.8787,471164.08
2026-09-29T17:34:14,team,H|B,holdout,lgbm,ev_cap,isotonic,none,True,22,,0.98129,316672.01,,,,,,240314.5,0.3914,0.6236,0.8983,6.77,False,459,6.5,холдаут: отчёт после выбора финала,327812.11,0.966,495934.31
2026-09-29T17:34:18,team,H|C,holdout,lgbm,ev_cap,isotonic,cost,False,15,,0.9108,309218.41,,,,,,232860.9,0.3692,0.6109,0.8216,6.98,False,301,3.6,холдаут: отчёт после выбора финала,327812.11,0.9433,487127.52
2026-09-29T17:34:29,team,final,holdout,lgbm,ev_cap,isotonic,cost,False,32,,0.98539,323389.03,,,,,,247031.52,0.3966,0.6362,0.9261,6.66,False,560,10.4,холдаут: финал (повтор для отчёта),327812.11,0.9865,499732.73
