признак,автор,сценарий,гипотеза,какую операцию ловит,из чего считается,окно,нет истории,тест на утечку,"вклад, у.е. [90% интервал]",где мерили,"вклад, у.е. — те же признаки A на LightGBM",Δ PR-AUC,в финале,почему,чем отличается от типичного решения на Kaggle
a_cat_bits,A,Чужой человек с картой,"Вор покупает в категориях, где хозяин почти не покупает","Клиент два года платит только за продукты и бензин, и вдруг покупка «разное онлайн»",категория + прошлые операции карты + доля категории у всех клиентов (train),вся история карты,равен неожиданности категории для «среднего клиента» (сглаживание α = 20),пройден,+1 378 [-799; 4 171],LogReg — решение A,-1 789 [-5 682; 2 060],-0.0030,да,"Вклад в пределах шума; оставлен — гипотеза не опровергнута, даёт понятную причину аналитику","Обычно категорию кодируют one-hot или общей долей фрода, одинаковой для всех. У нас — редкость категории для этой карты в битах, со сглаживанием к популяции: работает с первой операции, пропусков нет"
a_time_bits,A,Чужой человек с картой,"Операция в то время суток, когда этот клиент обычно не платит",«Дневной» клиент вдруг платит в полночь,час операции (6 интервалов по 4 ч) + история карты,вся история карты,неожиданность интервала для «среднего клиента»,пройден,+5 805 [2 655; 9 017],LogReg — решение A,+4 509 [2 042; 7 389],+0.0047,да,"Устойчивый плюс и в LogReg, и в LightGBM","Обычно берут час или флаг «ночь» — одинаково для всех. Ночь опасна не вообще, а для того, кто ночью не платит"
a_amt_z,A,Чужой человек с картой,"Вор тратит крупнее, чем хозяин тратит в этой же категории","300 у.е. на продукты у клиента, который обычно тратит 40",log(сумма) + прошлые суммы карты в категории,вся история карты,среднее и разброс категории у всех клиентов (сглаживание k = 10),пройден,-121 [-1 610; 1 501],LogReg — решение A,-241 [-2 914; 2 206],-0.0012,да,В шуме сам по себе; нужен для причины «в N раз больше обычного»,"Обычно «сумма / средний чек карты» по всем категориям: на новой карте NaN или деление на ноль, 300 на еду и 300 на путешествия — одно и то же"
a_amt_up,A,Чужой человек с картой,Опасно только отклонение суммы вверх,см. a_amt_z,"max(a_amt_z, 0)",вся история карты,как a_amt_z,пройден,+6 365 [-4 054; 16 363],LogReg — решение A,+2 875 [-867; 7 253],+0.2250,да,"Плюс в LogReg (+6 тыс., широкий интервал), в LightGBM в пределах шума",Разделение направлений для линейной модели — в типичных решениях не встречается
a_amt_down,A,Проверка карты мелкой суммой,Перед крупной кражей карту проверяют мелочью,"Операция на 1–2 у.е. у клиента, который так мелко не платит","max(−a_amt_z, 0)",вся история карты,как a_amt_z,пройден,-3 201 [-6 888; 453],LogReg — решение A,-2 190 [-5 199; 330],+0.0001,нет,"ОТВЕРГНУТ: минус в обеих моделях. В данных первая фрод-операция серии — медиана 311 у.е., мелкой проверки нет (reports/eda.md)",Проверка сценария «со стороны профиля»
a_surprise_total,A,Чужой человек с картой,Фрод — совпадение нескольких необычностей сразу,Непривычная категория + непривычное время + крупная сумма,a_cat_bits + a_time_bits + a_amt_up/ln2,вся история карты,сумма «популяционных» неожиданностей,пройден,+641 [-2 599; 3 651],LogReg — решение A,-625 [-3 668; 2 092],-0.0030,да,В пределах шума; оставлен как объяснимая сводная шкала,Единая шкала «насколько не похоже на хозяина» в битах
a_cat_x_amt,A,Чужой человек с картой,"Крупная сумма в непривычной категории опаснее, чем в привычной",Первая за год покупка онлайн — и сразу на 900 у.е.,a_cat_bits × a_amt_up,вся история карты,как составляющие,пройден,+1 573 [-3 863; 7 606],LogReg — решение A,+1 495 [-1 793; 5 050],+0.0242,да,В пределах шума в обеих моделях,Взаимодействие строится явно — для линейной модели
a_time_x_amt,A,Чужой человек с картой,Крупная сумма в непривычное время — главный сигнал для линейной модели,Ночная покупка на 800 у.е. у «дневного» клиента,a_time_bits × a_amt_up,вся история карты,как составляющие,пройден,+18 737 [11 500; 25 818],LogReg — решение A,-2 414 [-6 170; 1 000],+0.0324,да,Сильнейший признак A для LogReg; дереву не нужен (оно строит взаимодействия само),Взаимодействие строится явно — для линейной модели
a_profile_log_n,A,Чужой человек с картой,Модель должна по-разному доверять профилю из 3 и из 1000 операций,—,log(1 + число прошлых операций карты),вся история карты,0,пройден,+1 257 [-4 931; 7 532],LogReg — решение A,+666 [-3 771; 4 954],+0.0348,да,В пределах шума,Надёжность профиля как отдельный признак
a_drift,A,Чужой человек с картой,"После кражи поведение меняется не на одной операции, а на серии","Последние сутки карта тратит в 5 раз крупнее, чем обычно",log(сумма) по прошлым операциям карты,экспоненциальная память: полураспад 3 дня против 60 дней,0 (нет сдвига),пройден,+17 200 [11 328; 23 348],LogReg — решение A,+10 538 [7 030; 14 666],+0.0703,да,Сильнейший признак A: устойчивый плюс в обеих моделях,Обычно — «средний чек за 7 дней» в фиксированном окне. У нас разница короткой и длинной памяти без границ окна
a_new_merchant,A,Чужой человек с картой,Вор покупает у незнакомых хозяину продавцов,Первая покупка у этого продавца,"история пар (карта, продавец)",вся история карты,1,пройден,+877 [-1 783; 3 761],LogReg — решение A,-1 635 [-3 426; -256],-0.0006,нет,"ОТВЕРГНУТ: у честных клиентов 37% операций — первая покупка у продавца, у фрода 52%; денег не добавляет, в LightGBM минус с интервалом ниже нуля",Типичный признак — взят как контроль
a_geo_km,A,Покупка далеко от привычных мест,"Вор платит далеко от мест, где бывает хозяин",Покупка за 1000 км от обычных мест,координаты продавца + центр прошлых продавцов карты,вся история карты,медиана по train,пройден,-638 [-1 996; 383],LogReg — решение A,-592 [-3 141; 1 840],-0.0004,нет,"ОТВЕРГНУТ: распределения у фрода и честных совпадают (медиана 78,2 км и 78,2 км) — генератор ставит продавца случайно рядом с домом",Самый популярный признак на Kaggle — расстояние «дом–продавец». Мы проверили улучшенный вариант (от привычных мест) и отвергли
b_gap_log_h,B,Серия операций после кражи,При атаке операции идут вплотную,Третья покупка за 20 минут,время прошлой операции карты,одна прошлая операция,NaN + флаг b_is_first,пройден,+4 263 [22; 8 333],монотонный LightGBM — решение B,,+0.0116,да,Плюс на грани шума,Типичный признак — взят как опора
b_is_first,B,Новая карта,Первая операция карты — особый случай,Первая операция в жизни карты,число прошлых операций = 0,—,1,пройден,-1 445 [-4 859; 1 810],монотонный LightGBM — решение B,,+0.0029,да,В пределах шума,Служебный флаг
b_int_1h,B,Серия операций после кражи,Всплеск активности за последний час,Пять операций за полчаса,время прошлых операций карты,"затухание τ = 1 ч, без границы окна",0,пройден,+2 008 [-155; 4 668],монотонный LightGBM — решение B,,-0.0018,да,Плюс на грани шума,"Обычно «число операций за час» в окне: операция 59 минут назад весит 1, а 61 — 0. У нас вес плавно убывает"
b_int_24h,B,Серия операций после кражи,Всплеск активности за сутки,Десять операций за день,время прошлых операций карты,затухание τ = 24 ч,0,пройден,-1 328 [-4 945; 2 117],монотонный LightGBM — решение B,,+0.0009,да,В пределах шума (информацию несут b_amt_int_24h и b_act_ratio),Затухающий счётчик вместо окна
b_amt_int_24h,B,Серия операций после кражи,"Деньги выкачивают быстро: важно не число операций, а сколько списано",За последние сутки по карте уже ушло 1300 у.е. при обычных 190,суммы прошлых операций карты,затухание τ = 24 ч,0,пройден,+10 915 [6 767; 15 501],монотонный LightGBM — решение B,,+0.0479,да,"Сильнейший признак B: +10,9 тыс., интервал выше нуля",Обычно «сумма за 24 часа» в окне. У нас затухающая сумма без обрыва на границе окна
b_act_ratio,B,Серия операций после кражи,"Важна не активность, а отклонение от своей нормы",Клиент платит раз в три дня — и вдруг пять раз за вечер,b_int_24h / обычный дневной темп карты,вся история карты,темп сжат к популяционной медиане (m = 7 дней),пройден,+866 [-582; 2 565],монотонный LightGBM — решение B,,+0.0005,да,"В пределах шума в деньгах; у фрода медиана 1,46 против 1,09 у честных",Нормировку на собственный темп клиента в типичных решениях не делают
b_sess_pos,B,Серия операций после кражи,Риск растёт с каждой операцией серии,Седьмая операция подряд,сессия: пауза ≤ 3 ч,текущая сессия,1,пройден,-1 090 [-3 227; 789],монотонный LightGBM — решение B,,+0.0022,да,В пределах шума,Сессии атаки — в типичных решениях нет
b_sess_cum_amt,B,Серия операций после кражи,Сколько уже списано в текущей серии,В серии уже 2000 у.е.,суммы прошлых операций сессии,текущая сессия,0,пройден,-1 066 [-3 348; 941],монотонный LightGBM — решение B,,-0.0028,да,В пределах шума,Сессии атаки — в типичных решениях нет
b_sess_escalation,B,Нарастание внутри серии,"Сумма растёт внутри серии: сначала мало, потом много","10 у.е., потом 900 у.е. через 20 минут",log(сумма / минимальная сумма сессии),текущая сессия,0,пройден,+2 387 [457; 4 659],монотонный LightGBM — решение B,,+0.0015,да,"Плюс +2,4 тыс., интервал выше нуля. Классическая «проверка мелкой суммой» при этом не подтвердилась (см. a_amt_down)",Эскалация внутри сессии — в типичных решениях нет
b_sess_night_share,B,Серия операций ночью,"Ночная серия — «выкачивание», а не обычный вечер",Шесть операций подряд после полуночи,час операций сессии,текущая сессия,ночь ли текущая операция,пройден,-286 [-2 317; 1 744],монотонный LightGBM — решение B,,+0.0058,да,В пределах шума,"Ночная доля серии, а не флаг ночи одной операции"
b_sess_cat_n,B,Хаотичный вор,В серии покупки в разных категориях,"Продукты, бензин, онлайн-покупки за час",категории операций сессии,текущая сессия,1,пройден,-2 023 [-3 923; -194],монотонный LightGBM — решение B,,-0.0020,нет,"ОТВЕРГНУТ: минус −2,0 тыс., интервал ниже нуля",Проверка гипотезы
b_amt_rank10,B,Серия операций после кражи,"Сумма больше всего, что карта делала в последнее время",Самая крупная из последних 10 покупок,суммы 10 прошлых операций,10 операций,"0,5",пройден,-53 [-1 503; 1 404],монотонный LightGBM — решение B,,-0.0027,да,В пределах шума,"Ранг устойчив к одной старой крупной покупке, в отличие от среднего"
b_online_streak,B,Данные карты утекли в интернет,"Тратят только онлайн, без физической карты",Пятая онлайн-покупка подряд,категории прошлых операций,до первой офлайн-операции,0,пройден,+2 206 [-412; 4 882],монотонный LightGBM — решение B,,+0.0073,да,Плюс на грани шума,Серия онлайн-покупок — в типичных решениях нет
b_cnt_24h_window,B,Серия операций после кражи,Контроль: классическое окно «число операций за 24 ч»,—,время прошлых операций,окно 24 ч,0,пройден,-1 722 [-4 631; 922],монотонный LightGBM — решение B,,-0.0016,нет,"ОТВЕРГНУТ как лишний: поверх затухающей интенсивности ничего не добавил (−1,7 тыс., в пределах шума)",Это и есть типичный признак на Kaggle
c_risk_cat_hour,C,Рискованная среда,Онлайн-категории ночью рискованнее,Покупка онлайн в 23:00,"метки прошлых операций пары (категория, 4-часовой интервал)",всё прошлое с задержкой меток 30 дней,"средний риск (m-оценка, m = 200)",пройден,-2 575 [-5 410; 88],"LightGBM, учит деньгам — решение C",,-0.0025,нет,"Для деревьев ОТВЕРГНУТ (−2,6 тыс., в шуме): дерево само видит категорию и час. Блок C даёт +9,2 тыс. линейной модели","Target encoding на Kaggle обычно считают по всему train — будущее протекает. У нас метки доступны с задержкой 30 дней, как в банке"
c_risk_cat_amtbin,C,Рискованная среда,Риск суммы зависит от категории,"250 у.е. в «продукты в магазине» — не то же, что 250 в «путешествиях»","метки пары (категория, дециль суммы)",с задержкой 30 дней,средний риск,пройден,-1 744 [-5 759; 1 965],"LightGBM, учит деньгам — решение C",,-0.0109,нет,Для деревьев ОТВЕРГНУТ (в шуме),Как выше: target encoding с задержкой меток
c_risk_age_cat,C,Рискованная среда,Мошенники по-разному используют разные возрастные группы,Онлайн-покупка у клиента 80 лет,"метки пары (возрастная группа, категория)",с задержкой 30 дней,средний риск,пройден,+2 396 [-520; 5 616],"LightGBM, учит деньгам — решение C",,-0.0042,нет,"Для деревьев ОТВЕРГНУТ (+2,4 тыс., интервал задевает ноль)",Обычно возраст идёт в модель напрямую; у нас риск пары возраст×категория
c_risk_merchant,C,Рискованные продавцы,"Есть продавцы, где фрода больше",Покупка у «проблемного» продавца,метки продавца,с задержкой 30 дней,средний риск (m = 200 защищает от шума мелких продавцов),пройден,-61 [-2 731; 2 531],"LightGBM, учит деньгам — решение C",,+0.0001,нет,"ОТВЕРГНУТ (−0,1 тыс.): в генераторе продавец при фроде выбирается почти случайно",Как выше: target encoding с задержкой меток
c_amt_pct_cat,C,Рискованная среда,Сумма необычна для категории в целом — даже если про клиента ничего не известно,"Первая операция новой карты — сразу 900 у.е. в «покупках онлайн», где 95% покупок дешевле",сумма + распределение сумм категории (train),—,работает с первой операции,пройден,+2 637 [-388; 5 838],"LightGBM, учит деньгам — решение C",,+0.0135,да,"+2,6 тыс. (на грани шума); закрывает холодный старт — взят в финал",Перцентиль внутри категории вместо сырой суммы — сравнимо между категориями
