решение,признаки,модель,политика,n_признаков,экономия,доля_потолка,pr_auc,recall_по_деньгам,точность_отправленных,в_день_аналитику,экономия_при_лимите_1%,экономия_при_фроде_x3,доля_потолка_x3,разница_с_базой,интервал_90%
"как было: база, ранжирование по вероятности",сырые поля,LightGBM,top_p,10,166067.06,0.65,0.9251,0.4077,0.8213,6.25,334421.59,501953.18,0.6549,-69370.53,[-87 383; -51 796]
,сырые поля,LogReg,ev_cap,10,173562.33,0.6793,0.4461,0.4343,0.5147,6.25,300077.88,505373.67,0.6594,-61875.26,[-75 634; -48 485]
,сырые поля,LightGBM,ev_cap,10,235437.59,0.9215,0.9088,0.5774,0.7929,6.12,371456.3,709818.04,0.9261,0.0,[0; 0]
,сырые поля,LightGBM монотонный,ev_cap,10,235437.59,0.9215,0.9088,0.5774,0.7929,6.12,371456.3,709818.04,0.9261,0.0,[0; 0]
,сырые поля,"LightGBM, учит деньгам",ev_cap,10,238595.04,0.9339,0.9012,0.5855,0.7772,6.13,371408.84,703734.56,0.9182,3157.45,[-932; 7 303]
,+ A (профиль),LogReg,ev_cap,19,224147.89,0.8773,0.8308,0.5518,0.7246,6.23,358274.97,663171.41,0.8652,-11289.7,[-19 558; -3 265]
,+ A (профиль),LightGBM,ev_cap,19,245302.05,0.9601,0.9516,0.6,0.8431,5.95,381775.31,735965.68,0.9602,9864.46,[6 159; 13 953]
,+ A (профиль),LightGBM монотонный,ev_cap,19,245302.05,0.9601,0.9516,0.6,0.8431,5.95,381775.31,735965.68,0.9602,9864.46,[6 159; 13 953]
,+ A (профиль),"LightGBM, учит деньгам",ev_cap,19,247544.78,0.9689,0.9591,0.6057,0.8357,5.98,384360.31,734959.17,0.9589,12107.19,[6 987; 17 577]
,+ B (ритм),LogReg,ev_cap,22,202675.83,0.7933,0.6577,0.5019,0.6373,6.25,332759.08,601640.5,0.785,-32761.76,[-42 142; -23 394]
,+ B (ритм),LightGBM,ev_cap,22,249626.56,0.9771,0.9804,0.6091,0.8957,5.75,387243.23,739576.28,0.9649,14188.97,[8 330; 20 971]
,+ B (ритм),LightGBM монотонный,ev_cap,22,251416.78,0.9841,0.9771,0.6134,0.8983,5.73,387160.35,752029.8,0.9812,15979.19,[10 304; 22 503]
,+ B (ритм),"LightGBM, учит деньгам",ev_cap,22,251964.04,0.9862,0.9844,0.615,0.8876,5.78,388169.77,748197.57,0.9762,16526.45,[10 841; 23 148]
,+ C (среда),LogReg,ev_cap,15,182809.74,0.7155,0.5359,0.455,0.584,6.25,304941.39,550432.65,0.7182,-52627.85,[-66 559; -39 706]
,+ C (среда),LightGBM,ev_cap,15,234439.24,0.9176,0.8987,0.5755,0.7699,6.08,369771.81,694323.09,0.9059,-998.35,[-4 903; 2 816]
,+ C (среда),LightGBM монотонный,ev_cap,15,234439.24,0.9176,0.8987,0.5755,0.7699,6.08,369771.81,694323.09,0.9059,-998.35,[-4 903; 2 816]
,+ C (среда),"LightGBM, учит деньгам",ev_cap,15,239248.53,0.9364,0.8971,0.5874,0.7663,6.13,374287.24,715403.63,0.9334,3810.94,[-458; 8 210]
,+ A + B,LogReg,ev_cap,31,227080.38,0.8888,0.8726,0.5584,0.7439,6.18,364663.41,676738.73,0.8829,-8357.21,[-15 954; -1 183]
,+ A + B,LightGBM,ev_cap,31,249030.15,0.9747,0.9851,0.6073,0.9088,5.67,387920.33,745375.04,0.9725,13592.56,[8 107; 19 722]
,+ A + B,LightGBM монотонный,ev_cap,31,250240.09,0.9795,0.9827,0.6103,0.9096,5.72,389559.52,745661.84,0.9729,14802.5,[8 567; 21 535]
,+ A + B,"LightGBM, учит деньгам",ev_cap,31,252347.25,0.9877,0.9841,0.6152,0.9174,5.65,390051.69,747092.49,0.9747,16909.66,[10 986; 23 704]
,+ A + B + C,LogReg,ev_cap,36,232118.36,0.9085,0.9247,0.5695,0.7847,6.12,368008.5,696712.05,0.909,-3319.23,[-10 334; 3 561]
,+ A + B + C,LightGBM,ev_cap,36,248988.66,0.9746,0.9738,0.6082,0.8711,5.82,382962.2,746868.25,0.9744,13551.07,[8 655; 18 982]
,+ A + B + C,LightGBM монотонный,ev_cap,36,250828.19,0.9818,0.9721,0.6119,0.9009,5.72,384032.5,746773.44,0.9743,15390.6,[10 364; 20 972]
,+ A + B + C,"LightGBM, учит деньгам",ev_cap,36,250437.92,0.9802,0.9795,0.6119,0.8644,5.9,387229.74,744227.94,0.971,15000.33,[9 195; 21 030]
,+ A + B + C5,LogReg,ev_cap,32,226124.76,0.8851,0.873,0.5559,0.7493,6.18,365148.76,680839.02,0.8883,-9312.83,[-16 976; -2 007]
,+ A + B + C5,LightGBM,ev_cap,32,250729.67,0.9814,0.9833,0.6118,0.8963,5.78,388487.63,749312.66,0.9776,15292.08,[8 916; 21 927]
,+ A + B + C5,LightGBM монотонный,ev_cap,32,250517.29,0.9806,0.9849,0.6109,0.9094,5.7,387694.24,753848.64,0.9836,15079.7,[9 318; 21 084]
,+ A + B + C5,"LightGBM, учит деньгам",ev_cap,32,252522.12,0.9884,0.9847,0.6155,0.9204,5.65,388994.9,750234.41,0.9788,17084.53,[10 745; 23 855]
решение A,+ A (профиль),LogReg,ev_cap,19,224147.89,0.8773,0.8308,0.5518,0.7246,6.23,358274.97,663171.41,0.8652,-11289.7,[-19 558; -3 265]
решение B,+ B (ритм),LightGBM монотонный,ev_cap,22,251416.78,0.9841,0.9771,0.6134,0.8983,5.73,387160.35,752029.8,0.9812,15979.19,[10 304; 22 503]
решение C,+ C (среда),"LightGBM, учит деньгам",ev_cap,15,239248.53,0.9364,0.8971,0.5874,0.7663,6.13,374287.24,715403.63,0.9334,3810.94,[-458; 8 210]
